username,author id,created,text,retwc,hashtag,followers,friends,polarity,subjectivity
PMO India,471741741,5/2/2017 12:27,PM stressed on the need for the Foreign Service officers to be extremely well informed and think with a global perspective.,288,None,17746386,384,-0.083333333,0.375
Fox News,1367531,5/2/2017 20:59,WATCH: Veterinarian Serenades Frightened Pup Before Surgery | (via @foxhollowvet) | Read more:... https://t.co/h0GhOfAfRX,601,None,14365488,438,0.5,0.5
UberFacts,95023423,5/3/2017 11:47,Research shows that college students who run regularly don't get as stressed during exams as their non-running peers.,169,None,13486387,1,0,0.076923077
Desus Nice,14594844,5/2/2017 0:45,"i'd be wild stressed at the met gala like ""damn theres definitely gonna be an uber surge after this i better leave early""",504,None,375748,1236,0.175,0.425
TED Talks,15492359,5/3/2017 15:29,This is what goes on inside the body when we are chronically stressed: https://t.co/GiNsuJlTg9 via @TED_ED,81,None,9807345,509,0,0
Paddy Power,14387275,5/2/2017 19:11,"I get stressed out by the lowercase ""i"" on the back of Modric's shirt: https://t.co/gAyM6F4hIF",90,None,625041,2983,0,0
Her Campus,65576332,5/2/2017 12:59,When you're stressed but then you remember that @PLLTVSeries is back on tonight  https://t.co/CtRtgOZacA,74,None,40599,2609,0,0
Cleveland Clinic,24236494,5/2/2017 20:11,How stress impacts your immune system - and how to chill out: https://t.co/vcHUAo1PLq https://t.co/7z508BrwdU,104,None,937782,988,0,0
Telegraph Football,2219897472,5/3/2017 6:10,"Exclusive interview: 'Liverpool tapping-up row has made me sad and stressed,' says schoolboy at centre of scandal https://t.co/ZGpj56FrfM",20,None,230717,471,-0.5,1
Presidential Comm,192849591,5/2/2017 8:44,"PDEA DG Isidro Lapena, on his presentation during the #RealNumbersPH forum, stressed the negative impact of the dru... https://t.co/UExBS37Gf6",32,RealNumbersPH,132477,459,-0.3,0.4
Sputnik,34262462,5/2/2017 16:14,".@mod_russia @hrw .@mod_russia stressed that  KhAB-250 bomb which was allegedly used in #Syria, wasn't designed to... https://t.co/LtxQ7gpvFi",19,Syria,186205,276,-0.1,0.1
ANI,355989081,5/3/2017 7:42,Preventive healthcare needs to be stressed on. We all have to decide and pledge 'Mai gandagi nahin karunga': PM Mod... https://t.co/RJ18hzyuKb,32,None,1916896,0,0.2,0.4
Zakk Wylde,28718939,5/3/2017 4:40,"STRESSED OUT??? NOT ANYMORE!!!After You Pleasurably SMASH Your Genitals into JOYOUS SUBMISSION,Lay Down w/This Blan... https://t.co/eJzaXTY3JZ",27,None,597932,2816,-0.155555556,0.288888889
Press Trust of India,245687754,5/3/2017 14:28,#Cabinet gives nod to mechanism for resolution of stressed assets of banks; details to be announced after Prez approval: @arunjaitley.,15,Cabinet,1449887,1,0,0
yung ðŸ‘¾menace,16264006,4/27/2017 16:00,Stressed. lets go.,3425,None,5174019,408,0,0
Harrison Mooney,345567714,5/1/2017 22:41,"Facebook will be going to therapy, I think? https://t.co/x86CB6eNCo https://t.co/VCtPdbpnpm",50,None,13935,1008,0,0
FREDDY,61003804,4/28/2017 1:36,"friend: u comin out??
me: I should stay in tonight I'm so stressed
friend: ya ok i understand
me: UGHH ok u convinced me I'll come 
friend:",1790,None,3964789,550160,0.5,0.5
Lili Reinhart,307426028,4/28/2017 4:21,I was so stressed out about not being able to live tweet the memes... but I hope they sufficed and I'll be back on my game next week. ,857,None,278046,351,0.047272727,0.305
USA TODAY,15754281,5/1/2017 16:25,Americans just broke a record for being stressed. Here's how to reverse the trend https://t.co/sytCgmKgvl,82,None,3317876,918,0,0
James Charles,1117786405,4/27/2017 6:38,me 100% of the time: *is stressed*,840,None,197752,643,0,0
Al Jazeera English,4970411,4/25/2017 7:29,Feeling stressed? You might need to visit one of Russia's 'Rage Rooms'. https://t.co/rfbvUKAFpX,276,None,3867752,223,0,0
Joseph Prince,22000517,4/27/2017 18:07,"Feeling stressed? Instead of focusing on the situation, see the Lord's greater and never-ending supply of grace in your areas of need!",393,None,338360,4,0.625,0.5
99goonsquad,3128003877,4/30/2017 17:09,stop focusing on how stressed you are and remember how blessed you are. Good afternoon goonies!,303,None,214311,9932,0.875,0.6
Miss Mulatto,184970791,5/1/2017 0:10,Too blessed to be stressed ,308,None,75961,876,0,0
Psychology Today,27726303,5/1/2017 19:18,Companion dogs are more highly stressed than we humans realize. https://t.co/lB1Gmislah,17,None,494142,975,0.33,0.52
Dr. Bilal Philips,304808873,4/30/2017 5:00,Worried? Sad? Depressed? Stressed? Let's pray it all away. In sujood we'll find the greatest comfort &amp; feel our sou... https://t.co/aKJ0oefmGm,214,None,387844,7,0.25,1
Shankar Chaudhary,1617123242,4/27/2017 14:18,Joined the @BJP4Gujarat Banaskantha district executive meeting and stressed about the importance of efforts and har... https://t.co/KLpB7vx2me,218,None,43939,154,0,0
Ellen DeGeneres,15846407,4/27/2017 21:23,.@KimKardashian is stressed about @KanyeWest's birthday. https://t.co/s3R6O0zj40 https://t.co/f2gp2JNoHI,199,None,67267012,36132,0,0
Daniel Preda,46764346,4/28/2017 20:15,Realized how happy I felt in a place where service  &amp; social media wasn't within easy reach for me. Already stressed being back in the USA ,177,None,172945,409,0.316666667,0.475
Lindsey Graham,432895323,4/24/2017 16:50,"I stressed the need for UN reform, an end to Israel bashing, and more accountability for UN peacekeeping. (2/4)",24,None,185624,2215,0.5,0.5
chippy,195951022,4/25/2017 2:47,STRESSED OUT FROM BEING REAL IN A FAKE WORLD,32,None,23823,2480,-0.75,1
Krishnan Guru-Murthy,17062358,5/22/2017 11:07,"""nothing has changed! nothing has changed!"" says increasingly stressed looking Theresa May",378,None,449105,3495,0,0
Mama Dragun,412221236,5/21/2017 20:06,"I'm too grateful to be hateful. 
I'm too blessed to be stressed.",892,None,82692,88,0,0
PRINCETON PEREZ,1421475978,5/21/2017 3:29,2 blessed 2 be stressed,563,None,160182,624,0,0
Twitter Moments,3260518932,5/21/2017 15:32,"In his speech to the Muslim world, President Trump stressed the need to fight terrorism and extended US support. https://t.co/xkAfXNVYZU",535,None,407392,11,0,0
ARMAAN MALIK,298917410,5/21/2017 6:05,Look at me not so stressed about it  #auckland #PrinceAM #SKYWALK https://t.co/xeizBfoUjI,463,auckland,226978,1265,0,0
BuzzFeed,5695632,5/22/2017 15:34,"This college student brought her puppy, Bailey, to school to cheer up her stressed classmates https://t.co/vHnkYcqkbJ",170,None,5171927,3118,0,0
Wesley Stromberg,196955859,5/21/2017 22:00,Too blessed to be stressed,207,None,733062,34960,0,0
TIME,14293310,5/22/2017 5:15,This map shows where people are the most stressed in America https://t.co/B7PQ5yrMr6,62,None,13980181,846,0.5,0.5
The Voice,216444984,5/22/2017 1:02,In case you're feeling stressed about the impending work week. #TheVoice https://t.co/dTHU9cf2Gy,49,TheVoice,4980894,9680,0,0
Cameron Boucher,64666168,5/21/2017 1:16,i mean id be hella stressed if i had to log onto my insta via a 2008 blackberry too https://t.co/y6XwtrQyPR,139,None,10969,903,-0.3125,0.6875
TIME,14293310,5/22/2017 11:20,The most stressed-out states in America https://t.co/DoyrR812vF,40,None,13980181,846,0.5,0.5
Psychology Today,27726303,5/21/2017 13:01,Many of our canine companions suffer from separation anxiety and are more stressed out than we realize. https://t.co/lB1Gmislah,39,None,497592,975,0.5,0.5
Chelsea Nachman,133493069,5/21/2017 3:22,"oh, you think you're stressed? i legitimately can't decide if i prefer emma stone as a blonde or a redhead so maybe scan the room next time",63,None,7956,865,0,0
Rain Man,243125110,5/21/2017 7:14,Imagine not being stressed out for a day ,54,None,55746,674,0,0
Rachel Ballinger,468957900,5/20/2017 22:04,"I'll try to live stream at some point today. Sorry, I've been super stressed and busy. Got Blaze back though!!!",70,None,424303,4793,0.013939394,0.493333333
Mac,23065354,5/19/2017 22:36,I just passed my drivers test. Feeling very 16. Stressed out about the SATs.,9829,None,6450613,1215,0.2,0.3
Vogue Magazine,136361303,5/20/2017 22:54,6 ways to sleep when you're stressed: https://t.co/ONJUE3f6XM,31,None,12786135,529,0,0
Joshua Holland,22063600,5/20/2017 17:23,"Gah, can we please show some empathy for these nice, economically-stressed white people? https://t.co/GU320djg1O",93,None,11955,1010,0.3,0.5
Scott Santens,14297863,5/20/2017 16:13,Universal #basicincome eliminates a minimum amount of anxiety for all. A society no longer stressed about survival... https://t.co/FDZ10BmxNI,127,basicincome,57696,61911,0,0
Inc.,16896485,5/20/2017 19:54,Stressed Out? Try This Scary But Effective Tactic to Make Your Workday Easier @peterkozodoy https://t.co/r5JTnX9KpI,20,None,2317618,1695,0.05,0.9
Katya,175180732,5/14/2017 20:09,Too blessed to be stressed when your mom's the best. #MothersDay https://t.co/EEvZFQztRP,712,MothersDay,256496,737,1,0.3
FutureFemaleLeaders,624849630,5/14/2017 13:45,"Stressed *calls mom*
Happy *calls mom*
Anxious *calls mom*
Sad *calls mom*
Excited *calls mom*
Annoyed *calls mom*

Happy #MothersDay!",596,MothersDay,49700,453,0.170833333,0.925
Laurence Tribe,4091551984,5/16/2017 2:26,".@RepAlGreen rightly stressed on @allinwithchris that impeachment is like indictment, not conviction, which demands... https://t.co/Am2T7P1yk7",276,None,129728,1070,0.285714286,0.535714286
The Notebook,233430873,5/19/2017 3:17,"Care less, and you won't be so stressed.",609,None,5767117,163,-0.166666667,0.066666667
OXTAIL GAWD,20691338,5/13/2017 16:34,ya back teeth are stressed https://t.co/89PXlErU51,752,None,78691,27718,0,0
Monica Alba,71584155,5/18/2017 11:44,"White House officials stressed yesterday that the president had a ""measured"" response to Mueller news. 12 hours lat... https://t.co/TvUVPhNLBy",374,None,22878,2110,0,0
Aseefa B Zardari,130159846,5/18/2017 8:42,CM #Sindh has personally been monitoring #polio situation and stressed the importance of reaching &amp; vaccinating every child to protect them,343,Sindh,1200880,717,0,0.3
AcneSkinSite,143014330,5/17/2017 1:45,"Pamper yourself. If you're feeling stressed, your skin is going to show it. Treat yourself and your skin to a home made spa day.",495,None,835325,6,0,0
Oliver Kamm,157760297,5/13/2017 18:43,Corbyn on foreign policy: can't be stressed enough that he joined Pilger in whitewashing war crimes of Milosevic. https://t.co/zeSMNeKCRU,213,None,19903,998,-0.0625,0.3125
Vincent Caravella,19759597,5/13/2017 13:16,NY Times has a new section for kids and now I'm more stressed and confused than ever! https://t.co/wW245gy2nD,149,None,74382,166,0.045454545,0.551515152
Carl Bildt,18549724,5/13/2017 14:56,"Finland President @niinisto stressed need to develop EU as a ""security community"". #LMC2017 https://t.co/DFd2mUq05z",33,LMC2017,598707,2357,0,0
AcneSkinSite,143014330,5/17/2017 1:45,"Pamper yourself. If you're feeling stressed, your skin is going to show it. Treat yourself and your skin to a home made spa day.",459,None,834201,6,0,0
Mark Medina,19319374,5/17/2017 1:10,"On using No. 2 pick to draft player or trading it, Magic Johnson and Rob Pelinka stressed importance of keeping long term future in mind",94,None,42219,1421,0.15,0.508333333
Funny Or Die,15693493,5/16/2017 22:00,"Stressed out trying to keep up with Trump, Comey, Russia leaks, etc? Try this new meditation on for size. https://t.co/WPisvtclM7",129,None,14199750,5686,0.136363636,0.454545455
Sahil Kapur,19847765,5/17/2017 14:18,"In opening remarks at presser, Paul Ryan and his leadership team stressed tax reform. Then every question he got was about Trump/FBI/Russia.",74,None,61428,522,0,0
Vogue Magazine,136361303,5/16/2017 18:04,6 ways to sleep when you're stressed: https://t.co/AaN1LW1I5S,41,None,12780953,530,0,0
Becca Tilley,31047270,5/18/2017 4:15,I am NERVOUS for the Grey's finale tomorrow!Just watched last weeks episode &amp; feeling STRESSED. What would I tweet about without this show?,36,None,220710,282,-0.025,0.083333333
Randi Mayem Singer,372563164,5/17/2017 22:47,Trump's probably so stressed out right now no amount of Russian hooker pee can calm him.,41,None,13495,452,0.195238095,0.428571429
Kira Kosarin,598986879,5/16/2017 19:04,I'm eating chicken with tomato sauce while wearing a white shirt and I've never been so stressed,50,None,195351,1218,-0.3,0.475
Melissa Ponzio,716447274,5/17/2017 2:50,i didn't breath the last two minutes...#ChicagoFireFinale got me #STRESSED,46,ChicagoFireFinale,570236,7297,0,0.066666667
Ari Sytner M.Ed LMSW,37844996,5/16/2017 14:21,"You may not feel stressed. But if you are easily angered, frustrated or impatient - you likely are. De-stress by taking time to recenter.",36,None,190561,161550,-0.4125,0.7375
Blindspot,2994020017,5/18/2017 0:33,Raise your hand if you're stressed out. #Blindspot,36,Blindspot,170119,285,0,0
BloombergQuint,7.15E+17,5/18/2017 2:20,"Stressed assets higher than the net worth of Indian banks, says McKinsey. @visshy_it reports
https://t.co/WafIQlcif0 https://t.co/5agMFgfcfA",19,None,12880,321,0.183333333,0.2
BloombergQuint,7.15E+17,5/17/2017 14:54,".@McKinsey warns of perfect storm as banks' stressed assets surpass net worth.
@visshy_it reports... https://t.co/ormvd3UcUy",16,None,12880,321,0.433333333,0.366666667
Laurence Tribe,4091551984,5/16/2017 2:26,".@RepAlGreen rightly stressed on @allinwithchris that impeachment is like indictment, not conviction, which demands... https://t.co/Am2T7P1yk7",276,None,126589,1052,0.285714286,0.535714286
Ira Dugal,558654135,5/17/2017 17:08,"Bank stressed assets more than their net worth, says McKinsey. https://t.co/a5vuZ1oMMt https://t.co/RSrDLnO0oj",15,None,7033,625,0.266666667,0.2
Grayson Dolan,2156278138,5/12/2017 2:40,I woke up stressed and down today and it turned out to be an amazing day. Stay positive and life will continue to get better.,8148,None,2689800,17041,0.292929293,0.558585859
Grayson Dolan,2156278138,5/11/2017 17:18,When you're so stressed that real life bs follows you to your dreams and stresses you out while you're asleep ,7906,None,2689800,17041,0.2,0.3
Yoni Appelbaum,269911034,5/9/2017 11:32,".@PRRIpoll 10. Bottom line? White, working class Trump voters felt culturally displaced and resentful, not financia... https://t.co/BiHl2Ll51y",2299,None,19741,496,0.05,0.05
Katya,175180732,5/14/2017 20:09,Too blessed to be stressed when your mom's the best. #MothersDay https://t.co/EEvZFQztRP,708,MothersDay,254642,739,1,0.3
FutureFemaleLeaders,624849630,5/14/2017 13:45,"Stressed *calls mom*
Happy *calls mom*
Anxious *calls mom*
Sad *calls mom*
Excited *calls mom*
Annoyed *calls mom*

Happy #MothersDay!",596,MothersDay,49727,453,0.170833333,0.925
Thomas Sanders,612750924,5/11/2017 18:25,"""You look tired and stressed, are you stressed?""
Well I didn't think I was until you just made me self-conscious about how I looked!!",994,None,447047,1024,-0.625,0.7
OXTAIL GAWD,20691338,5/13/2017 16:34,ya back teeth are stressed https://t.co/89PXlErU51,753,None,78504,27727,0,0
Malaa,3100257690,5/12/2017 19:20,I'm too young to be stressed out.,834,None,29702,178,0.1,0.4
Sopan Deb,48120914,5/16/2017 2:02,I could be in a hostage situation and I wouldn't be more stressed than I am right now.,76,None,165779,4614,0.392857143,0.517857143
The Independent,16973333,5/10/2017 22:48,Finland is giving each citizen a universal basic income and it is making people less stressed https://t.co/KFXKuhy9wl,513,None,2213575,1125,-0.055555556,0.063888889
AcneSkinSite,143014330,5/10/2017 8:45,"Don't Worry Be Happy. The more stressed you are, the more your body reacts and you may see more blemishes.",448,None,834201,6,0.575,0.625
SZA,256883252,5/9/2017 4:54,Grateful + stressed  /occasionally apologetic https://t.co/NE9et3z0SP,494,None,319055,471,0,0
Oliver Kamm,157760297,5/13/2017 18:43,Corbyn on foreign policy: can't be stressed enough that he joined Pilger in whitewashing war crimes of Milosevic. https://t.co/zeSMNeKCRU,212,None,19515,997,-0.0625,0.3125
Shannon Clermont,267545354,5/9/2017 14:31,Too blessed to be stressed ,464,None,95827,853,0,0
Reno Omokri,264248576,5/15/2017 12:52,"The economy is bad, people are stressed, suicide is on the rise. Dont pressure your debtors. Don't push them. Corpses can't repay debts.",183,None,177716,65,-0.7,0.666666667
Sophia Benoit,257591704,5/9/2017 1:47,"me: i'm stressed
my body: here is some acne
me:...
my body: because you're stressed
me: I know i'm stressed
my body: so did it help?",225,None,56691,813,0,0
AcneSkinSite,143014330,5/17/2017 1:45,"Pamper yourself. If you're feeling stressed, your skin is going to show it. Treat yourself and your skin to a home made spa day.",459,None,834202,6,0,0
Mark Medina,19319374,5/17/2017 1:10,"On using No. 2 pick to draft player or trading it, Magic Johnson and Rob Pelinka stressed importance of keeping long term future in mind",94,None,42219,1421,0.15,0.508333333
Funny Or Die,15693493,5/16/2017 22:00,"Stressed out trying to keep up with Trump, Comey, Russia leaks, etc? Try this new meditation on for size. https://t.co/WPisvtclM7",129,None,14199756,5686,0.136363636,0.454545455
Sahil Kapur,19847765,5/17/2017 14:18,"In opening remarks at presser, Paul Ryan and his leadership team stressed tax reform. Then every question he got was about Trump/FBI/Russia.",74,None,61429,522,0,0
Vogue Magazine,136361303,5/16/2017 18:04,6 ways to sleep when you're stressed: https://t.co/AaN1LW1I5S,41,None,12780958,530,0,0
Becca Tilley,31047270,5/18/2017 4:15,I am NERVOUS for the Grey's finale tomorrow!Just watched last weeks episode &amp; feeling STRESSED. What would I tweet about without this show?,37,None,220710,282,-0.025,0.083333333
Randi Mayem Singer,372563164,5/17/2017 22:47,Trump's probably so stressed out right now no amount of Russian hooker pee can calm him.,41,None,13496,452,0.195238095,0.428571429
Kira Kosarin,598986879,5/16/2017 19:04,I'm eating chicken with tomato sauce while wearing a white shirt and I've never been so stressed,50,None,195352,1218,-0.3,0.475
Melissa Ponzio,716447274,5/17/2017 2:50,i didn't breath the last two minutes...#ChicagoFireFinale got me #STRESSED,46,ChicagoFireFinale,570236,7297,0,0.066666667
Ari Sytner M.Ed LMSW,37844996,5/16/2017 14:21,"You may not feel stressed. But if you are easily angered, frustrated or impatient - you likely are. De-stress by taking time to recenter.",36,None,190564,161547,-0.4125,0.7375
Blindspot,2994020017,5/18/2017 0:33,Raise your hand if you're stressed out. #Blindspot,36,Blindspot,170119,285,0,0
BloombergQuint,7.15E+17,5/18/2017 2:20,"Stressed assets higher than the net worth of Indian banks, says McKinsey. @visshy_it reports
https://t.co/WafIQlcif0 https://t.co/5agMFgfcfA",19,None,12880,321,0.183333333,0.2
BloombergQuint,7.15E+17,5/17/2017 14:54,".@McKinsey warns of perfect storm as banks' stressed assets surpass net worth.
@visshy_it reports... https://t.co/ormvd3UcUy",16,None,12880,321,0.433333333,0.366666667
Laurence Tribe,4091551984,5/16/2017 2:26,".@RepAlGreen rightly stressed on @allinwithchris that impeachment is like indictment, not conviction, which demands... https://t.co/Am2T7P1yk7",276,None,126590,1052,0.285714286,0.535714286
Ira Dugal,558654135,5/17/2017 17:08,"Bank stressed assets more than their net worth, says McKinsey. https://t.co/a5vuZ1oMMt https://t.co/RSrDLnO0oj",15,None,7033,625,0.266666667,0.2
Grayson Dolan,2156278138,5/12/2017 2:40,I woke up stressed and down today and it turned out to be an amazing day. Stay positive and life will continue to get better.,8148,None,2689809,17041,0.292929293,0.558585859
Grayson Dolan,2156278138,5/11/2017 17:18,When you're so stressed that real life bs follows you to your dreams and stresses you out while you're asleep ,7906,None,2689809,17041,0.2,0.3
Katya,175180732,5/14/2017 20:09,Too blessed to be stressed when your mom's the best. #MothersDay https://t.co/EEvZFQztRP,708,MothersDay,254639,739,1,0.3
FutureFemaleLeaders,624849630,5/14/2017 13:45,"Stressed *calls mom*
Happy *calls mom*
Anxious *calls mom*
Sad *calls mom*
Excited *calls mom*
Annoyed *calls mom*

Happy #MothersDay!",596,MothersDay,49727,453,0.170833333,0.925
Yoni Appelbaum,269911034,5/9/2017 11:32,".@PRRIpoll 10. Bottom line? White, working class Trump voters felt culturally displaced and resentful, not financia... https://t.co/BiHl2Ll51y",2299,None,19741,496,0.05,0.05
Thomas Sanders,612750924,5/11/2017 18:25,"""You look tired and stressed, are you stressed?""
Well I didn't think I was until you just made me self-conscious about how I looked!!",994,None,447046,1024,-0.625,0.7
OXTAIL GAWD,20691338,5/13/2017 16:34,ya back teeth are stressed https://t.co/89PXlErU51,753,None,78504,27727,0,0
Malaa,3100257690,5/12/2017 19:20,I'm too young to be stressed out.,834,None,29702,178,0.1,0.4
Sopan Deb,48120914,5/16/2017 2:02,I could be in a hostage situation and I wouldn't be more stressed than I am right now.,76,None,165779,4614,0.392857143,0.517857143
The Independent,16973333,5/10/2017 22:48,Finland is giving each citizen a universal basic income and it is making people less stressed https://t.co/KFXKuhy9wl,513,None,2213574,1125,-0.055555556,0.063888889
AcneSkinSite,143014330,5/10/2017 8:45,"Don't Worry Be Happy. The more stressed you are, the more your body reacts and you may see more blemishes.",448,None,834202,6,0.575,0.625
SZA,256883252,5/9/2017 4:54,Grateful + stressed  /occasionally apologetic https://t.co/NE9et3z0SP,494,None,319063,471,0,0
Oliver Kamm,157760297,5/13/2017 18:43,Corbyn on foreign policy: can't be stressed enough that he joined Pilger in whitewashing war crimes of Milosevic. https://t.co/zeSMNeKCRU,212,None,19515,997,-0.0625,0.3125
Shannon Clermont,267545354,5/9/2017 14:31,Too blessed to be stressed ,464,None,95827,853,0,0
Reno Omokri,264248576,5/15/2017 12:52,"The economy is bad, people are stressed, suicide is on the rise. Dont pressure your debtors. Don't push them. Corpses can't repay debts.",183,None,177716,65,-0.7,0.666666667
Sophia Benoit,257591704,5/9/2017 1:47,"me: i'm stressed
my body: here is some acne
me:...
my body: because you're stressed
me: I know i'm stressed
my body: so did it help?",225,None,56691,813,0,0
Monica Alba,71584155,5/18/2017 11:44,"White House officials stressed yesterday that the president had a ""measured"" response to Mueller news. 12 hours lat... https://t.co/TvUVPhNLBy",373,None,22809,2111,0,0
Aseefa B Zardari,130159846,5/18/2017 8:42,CM #Sindh has personally been monitoring #polio situation and stressed the importance of reaching &amp; vaccinating every child to protect them,314,Sindh,1199534,716,0,0.3
The Notebook,233430873,5/19/2017 3:17,"Care less, and you won't be so stressed.",530,None,5767360,160,-0.166666667,0.066666667
Rachel Ballinger,468957900,5/18/2017 21:13,"Feeling stressed? SQUISH IT OUT! Watch my DIY stress ball video... Guys, they were awesome to make https://t.co/OpYmqa1Ka9",107,None,424200,4785,1,1
KOENA MITRA,154916905,5/19/2017 15:08,"#AmiKkr 
Ami confused.
Ami Stressed. 
Ami Speechless. 
Ami worried. 
Do something #Kkr 
@iamsrk Tomar luck Ektu diye Dao Kkr ke",97,AmiKkr,547842,9,-0.4,0.7
BRANDON WARDELL,58323389,5/18/2017 21:20,"r u guys going 2 that dorm party later? dam. my social studies class has me stressed out, brother. i cant wait 2 underage drink tonight hehe",126,None,161256,1048,0.016666667,0.033333333
Brad Williams,18723984,5/19/2017 3:40,News got you stressed out? Here's a dwarf jumping into a ball pit https://t.co/3B1JxFXdbz,87,None,65585,284,0,0
Mikki Kendall,100136358,5/18/2017 11:31,I was getting stressed out by the order of succession then names of people implicated started to leak &amp; well...will there be a GOP left?,66,None,74465,1031,-0.2,0.25
Tay Jardine,17693277,5/19/2017 13:54,Why is it that seeing all these anti stress fidget toys make me stressed out?????,88,None,164686,332,0,0
Becca Tilley,31047270,5/18/2017 4:15,I am NERVOUS for the Grey's finale tomorrow!Just watched last weeks episode &amp; feeling STRESSED. What would I tweet about without this show?,119,None,220746,282,-0.025,0.083333333
Molly Hunter,117967849,5/18/2017 17:12,"More: The US official stressed the force that was struck were NOT Assad regime forces, but a pro-regime Shiite militia backed by Iran.",42,None,6783,1922,0.5,0.5
Fox News,1367531,5/18/2017 19:51,".@BillCassidy: ""He stressed that this is an investigation... He said to say that it went beyond that would prejudic... https://t.co/qepHrzyarP",62,None,14532551,439,0,0
Vinny Guadagnino,95515846,5/19/2017 7:16,Expensive Possessions make you stressed not happier,59,None,3142033,1339,-0.5,0.7
Blindspot,2994020017,5/18/2017 0:33,Raise your hand if you're stressed out. #Blindspot,47,Blindspot,169987,285,0,0
UN Refugee Agency,14361155,5/19/2017 2:58,"Kidnapped, sleep-deprived + stressed . How our brave aid workers train for the worst situations... https://t.co/hN9GBoF8d3",32,None,2140764,37464,-0.1,1
Randi Mayem Singer,372563164,5/17/2017 22:47,Trump's probably so stressed out right now no amount of Russian hooker pee can calm him.,53,None,13569,452,0.195238095,0.428571429
Grayson Dolan,2156278138,5/11/2017 17:18,When you're so stressed that real life bs follows you to your dreams and stresses you out while you're asleep ,7922,None,2705720,17043,0.2,0.3
Grayson Dolan,2156278138,5/12/2017 2:40,I woke up stressed and down today and it turned out to be an amazing day. Stay positive and life will continue to get better.,8170,None,2705720,17043,0.292929293,0.558585859
Katya,175180732,5/14/2017 20:09,Too blessed to be stressed when your mom's the best. #MothersDay https://t.co/EEvZFQztRP,711,MothersDay,255248,738,1,0.3
FutureFemaleLeaders,624849630,5/14/2017 13:45,"Stressed *calls mom*
Happy *calls mom*
Anxious *calls mom*
Sad *calls mom*
Excited *calls mom*
Annoyed *calls mom*

Happy #MothersDay!",595,MothersDay,49719,453,0.170833333,0.925
Thomas Sanders,612750924,5/11/2017 18:25,"""You look tired and stressed, are you stressed?""
Well I didn't think I was until you just made me self-conscious about how I looked!!",996,None,447574,1026,-0.625,0.7
Laurence Tribe,4091551984,5/16/2017 2:26,".@RepAlGreen rightly stressed on @allinwithchris that impeachment is like indictment, not conviction, which demands... https://t.co/Am2T7P1yk7",276,None,127661,1057,0.285714286,0.535714286
OXTAIL GAWD,20691338,5/13/2017 16:34,ya back teeth are stressed https://t.co/89PXlErU51,753,None,78536,27727,0,0
Malaa,3100257690,5/12/2017 19:20,I'm too young to be stressed out.,837,None,29724,178,0.1,0.4
The Independent,16973333,5/10/2017 22:48,Finland is giving each citizen a universal basic income and it is making people less stressed https://t.co/KFXKuhy9wl,512,None,2214811,1125,-0.055555556,0.063888889
AcneSkinSite,143014330,5/17/2017 1:45,"Pamper yourself. If you're feeling stressed, your skin is going to show it. Treat yourself and your skin to a home made spa day.",486,None,834800,6,0,0
AcneSkinSite,143014330,5/10/2017 8:45,"Don't Worry Be Happy. The more stressed you are, the more your body reacts and you may see more blemishes.",449,None,834800,6,0.575,0.625
Oliver Kamm,157760297,5/13/2017 18:43,Corbyn on foreign policy: can't be stressed enough that he joined Pilger in whitewashing war crimes of Milosevic. https://t.co/zeSMNeKCRU,212,None,19728,998,-0.0625,0.3125
Sahil Kapur,19847765,5/17/2017 14:18,"In opening remarks at presser, Paul Ryan and his leadership team stressed tax reform. Then every question he got was about Trump/FBI/Russia.",76,None,61528,522,0,0
BET,16560657,5/17/2017 16:45,"To say last night's episode of #RebelOnBET had us stressed......
https://t.co/ttQUhjjTwP https://t.co/yZjRhbbhXu",16,RebelOnBET,1983729,1541,0,0.066666667
Monica Alba,71584155,5/18/2017 11:44,"White House officials stressed yesterday that the president had a ""measured"" response to Mueller news. 12 hours lat... https://t.co/TvUVPhNLBy",371,None,22793,2110,0,0
Aseefa B Zardari,130159846,5/18/2017 8:42,CM #Sindh has personally been monitoring #polio situation and stressed the importance of reaching &amp; vaccinating every child to protect them,280,Sindh,1199256,716,0,0.3
The Notebook,233430873,5/19/2017 3:17,"Care less, and you won't be so stressed.",428,None,5767353,160,-0.166666667,0.066666667
Rachel Ballinger,468957900,5/18/2017 21:13,"Feeling stressed? SQUISH IT OUT! Watch my DIY stress ball video... Guys, they were awesome to make https://t.co/OpYmqa1Ka9",102,None,424192,4778,1,1
BRANDON WARDELL,58323389,5/18/2017 21:20,"r u guys going 2 that dorm party later? dam. my social studies class has me stressed out, brother. i cant wait 2 underage drink tonight hehe",119,None,160973,1048,0.016666667,0.033333333
Mikki Kendall,100136358,5/18/2017 11:31,I was getting stressed out by the order of succession then names of people implicated started to leak &amp; well...will there be a GOP left?,65,None,74461,1031,-0.2,0.25
Becca Tilley,31047270,5/18/2017 4:15,I am NERVOUS for the Grey's finale tomorrow!Just watched last weeks episode &amp; feeling STRESSED. What would I tweet about without this show?,119,None,220755,282,-0.025,0.083333333
Molly Hunter,117967849,5/18/2017 17:12,"More: The US official stressed the force that was struck were NOT Assad regime forces, but a pro-regime Shiite militia backed by Iran.",38,None,6781,1922,0.5,0.5
Blindspot,2994020017,5/18/2017 0:33,Raise your hand if you're stressed out. #Blindspot,47,Blindspot,169940,285,0,0
Fox News,1367531,5/18/2017 19:51,".@BillCassidy: ""He stressed that this is an investigation... He said to say that it went beyond that would prejudic... https://t.co/qepHrzyarP",62,None,14526867,439,0,0
Brad Williams,18723984,5/19/2017 3:40,News got you stressed out? Here's a dwarf jumping into a ball pit https://t.co/3B1JxFXdbz,49,None,65555,284,0,0
Sahil Kapur,19847765,5/17/2017 14:18,"In opening remarks at presser, Paul Ryan and his leadership team stressed tax reform. Then every question he got was about Trump/FBI/Russia.",76,None,61503,522,0,0
Randi Mayem Singer,372563164,5/17/2017 22:47,Trump's probably so stressed out right now no amount of Russian hooker pee can calm him.,53,None,13562,452,0.195238095,0.428571429
UN Refugee Agency,14361155,5/19/2017 2:58,"Kidnapped, sleep-deprived + stressed . How our brave aid workers train for the worst situations... https://t.co/hN9GBoF8d3",27,None,2140643,37465,-0.1,1
Inc.,16896485,5/18/2017 13:17,Stressed Out? Try This Scary But Effective Tactic to Make Your Workday Easier @peterkozodoy https://t.co/PKrE6azh7q,21,None,2310871,1694,0.05,0.9
Grayson Dolan,2156278138,5/11/2017 17:18,When you're so stressed that real life bs follows you to your dreams and stresses you out while you're asleep ,7916,None,2703485,17043,0.2,0.3
Grayson Dolan,2156278138,5/12/2017 2:40,I woke up stressed and down today and it turned out to be an amazing day. Stay positive and life will continue to get better.,8162,None,2703485,17043,0.292929293,0.558585859
Katya,175180732,5/14/2017 20:09,Too blessed to be stressed when your mom's the best. #MothersDay https://t.co/EEvZFQztRP,710,MothersDay,255152,738,1,0.3
FutureFemaleLeaders,624849630,5/14/2017 13:45,"Stressed *calls mom*
Happy *calls mom*
Anxious *calls mom*
Sad *calls mom*
Excited *calls mom*
Annoyed *calls mom*

Happy #MothersDay!",595,MothersDay,49723,453,0.170833333,0.925
AcneSkinSite,143014330,5/17/2017 1:45,"Pamper yourself. If you're feeling stressed, your skin is going to show it. Treat yourself and your skin to a home made spa day.",482,None,834757,6,0,0
Thomas Sanders,612750924,5/11/2017 18:25,"""You look tired and stressed, are you stressed?""
Well I didn't think I was until you just made me self-conscious about how I looked!!",995,None,447465,1026,-0.625,0.7
Laurence Tribe,4091551984,5/16/2017 2:26,".@RepAlGreen rightly stressed on @allinwithchris that impeachment is like indictment, not conviction, which demands... https://t.co/Am2T7P1yk7",276,None,127507,1057,0.285714286,0.535714286
OXTAIL GAWD,20691338,5/13/2017 16:34,ya back teeth are stressed https://t.co/89PXlErU51,753,None,78523,27727,0,0
Malaa,3100257690,5/12/2017 19:20,I'm too young to be stressed out.,837,None,29719,178,0.1,0.4
The Independent,16973333,5/10/2017 22:48,Finland is giving each citizen a universal basic income and it is making people less stressed https://t.co/KFXKuhy9wl,512,None,2214539,1125,-0.055555556,0.063888889
AcneSkinSite,143014330,5/10/2017 8:45,"Don't Worry Be Happy. The more stressed you are, the more your body reacts and you may see more blemishes.",449,None,834757,6,0.575,0.625
Oliver Kamm,157760297,5/13/2017 18:43,Corbyn on foreign policy: can't be stressed enough that he joined Pilger in whitewashing war crimes of Milosevic. https://t.co/zeSMNeKCRU,212,None,19615,997,-0.0625,0.3125
Mark Medina,19319374,5/17/2017 1:10,"On using No. 2 pick to draft player or trading it, Magic Johnson and Rob Pelinka stressed importance of keeping long term future in mind",94,None,42231,1421,0.15,0.508333333
Awesomely Luvvie,16254381,5/9/2017 22:01,"On this week's episode of As the White House Turns, All My Children are stressed out as we realize these are the sad Days of Our Lives.",235,None,168824,1340,-0.25,0.5
Samantha Maria,24703488,5/10/2017 14:04,I wonder what life is like not feeling 100% stressed out every day https://t.co/KFs0x0m7eJ,248,None,207487,786,0,0
ray volpe,567840792,5/9/2017 21:14,it really pisses me off when i see ppl say that successful ppl can't be unhappy/sad/stressed/anything that's not super happy at all times,20,None,12193,653,0.395833333,0.704166667
Mac,23065354,5/19/2017 22:36,I just passed my drivers test. Feeling very 16. Stressed out about the SATs.,9521,None,6439525,1215,0.2,0.3
PRINCETON PEREZ,1421475978,5/21/2017 3:29,2 blessed 2 be stressed,324,None,160109,622,0,0
ARMAAN MALIK,298917410,5/21/2017 6:05,Look at me not so stressed about it  #auckland #PrinceAM #SKYWALK https://t.co/xeizBfoUjI,232,auckland,226387,1263,0,0
KOENA MITRA,154916905,5/19/2017 15:08,"#AmiKkr 
Ami confused.
Ami Stressed. 
Ami Speechless. 
Ami worried. 
Do something #Kkr 
@iamsrk Tomar luck Ektu diye Dao Kkr ke",127,AmiKkr,547812,9,-0.4,0.7
Joshua Holland,22063600,5/20/2017 17:23,"Gah, can we please show some empathy for these nice, economically-stressed white people? https://t.co/GU320djg1O",84,None,11935,1007,0.3,0.5
Scott Santens,14297863,5/20/2017 16:13,Universal #basicincome eliminates a minimum amount of anxiety for all. A society no longer stressed about survival... https://t.co/FDZ10BmxNI,115,basicincome,57570,61259,0,0
Rachel Ballinger,468957900,5/20/2017 22:04,"I'll try to live stream at some point today. Sorry, I've been super stressed and busy. Got Blaze back though!!!",64,None,424238,4793,0.013939394,0.493333333
Tay Jardine,17693277,5/19/2017 13:54,Why is it that seeing all these anti stress fidget toys make me stressed out?????,108,None,164667,332,0,0
Dr. Kathie Allen,2856030754,5/20/2017 5:00,My opinion: everyone is more stressed &amp; argumentative than usual watching  horrorshow in DC.  It can't help but aff... https://t.co/E47n9z1vgr,48,None,25266,308,0.125,0.375
Cameron Boucher,64666168,5/21/2017 1:16,i mean id be hella stressed if i had to log onto my insta via a 2008 blackberry too https://t.co/y6XwtrQyPR,67,None,10970,903,-0.3125,0.6875
â›§â„¢,208089519,5/20/2017 0:26,I'm stressed out...but I feel good....,35,None,8279,0,0.7,0.6
UN Refugee Agency,14361155,5/20/2017 8:24,"Kidnapped, sleep-deprived + stressed  - here's how our frontline staff train for a refugee crisis... https://t.co/zzWDw8WfAj",31,None,2141073,37462,0,0
Inc.,16896485,5/20/2017 19:54,Stressed Out? Try This Scary But Effective Tactic to Make Your Workday Easier @peterkozodoy https://t.co/r5JTnX9KpI,20,None,2314805,1694,0.05,0.9
Business Insider,20562637,5/20/2017 14:51,GE executive says Americans are 'more stressed out than ever' https://t.co/i8uP7Khf9M https://t.co/qvG3JYDqBt,15,None,1960528,179,0.5,0.5
Vogue Magazine,136361303,5/20/2017 22:54,6 ways to sleep when you're stressed: https://t.co/ONJUE3f6XM,26,None,12781583,530,0,0
Borzou Daragahi ðŸ–ŠðŸ—’,24382468,5/19/2017 13:13,Everyone's Stressed About Trump's Visits To The Holy Lands. My @buzzfeedworld piece. https://t.co/YJwyKTIL3v,20,None,56234,1081,0,0
Grayson Dolan,2156278138,5/12/2017 2:40,I woke up stressed and down today and it turned out to be an amazing day. Stay positive and life will continue to get better.,8200,None,2713531,17042,0.292929293,0.558585859
The Notebook,233430873,5/19/2017 3:17,"Care less, and you won't be so stressed.",598,None,5767115,163,-0.166666667,0.066666667
Vogue Magazine,136361303,5/19/2017 13:46,Stressed out? A wellness expert shares tips on how to manage anxiety through practicing self-care. https://t.co/p7q7r9ydpB,17,None,12781583,530,0,0
Maria Konnikova,358566293,5/19/2017 13:43,"""Creativity cannot come from a mind that is stressed and overworked."" By @emmaseppala:  https://t.co/4DfxelKWee",27,None,26636,217,0,0
Katya,175180732,5/14/2017 20:09,Too blessed to be stressed when your mom's the best. #MothersDay https://t.co/EEvZFQztRP,713,MothersDay,255967,737,1,0.3
FutureFemaleLeaders,624849630,5/14/2017 13:45,"Stressed *calls mom*
Happy *calls mom*
Anxious *calls mom*
Sad *calls mom*
Excited *calls mom*
Annoyed *calls mom*

Happy #MothersDay!",595,MothersDay,49707,453,0.170833333,0.925
Dharmendra Pradhan,1897514666,5/19/2017 10:18,Stressed upon the importance to strengthen the party in the State Capital to create a cascading effect for growth of Party across the state.,29,None,361556,1316,0,0
Laurence Tribe,4091551984,5/16/2017 2:26,".@RepAlGreen rightly stressed on @allinwithchris that impeachment is like indictment, not conviction, which demands... https://t.co/Am2T7P1yk7",276,None,128255,1064,0.285714286,0.535714286
Vinny Guadagnino,95515846,5/19/2017 7:16,Expensive Possessions make you stressed not happier,61,None,3141616,1340,-0.5,0.7
OXTAIL GAWD,20691338,5/13/2017 16:34,ya back teeth are stressed https://t.co/89PXlErU51,752,None,78629,27728,0,0
Malaa,3100257690,5/12/2017 19:20,I'm too young to be stressed out.,838,None,29749,178,0.1,0.4
Brad Williams,18723984,5/19/2017 3:40,News got you stressed out? Here's a dwarf jumping into a ball pit https://t.co/3B1JxFXdbz,105,None,65585,284,0,0
Monica Alba,71584155,5/18/2017 11:44,"White House officials stressed yesterday that the president had a ""measured"" response to Mueller news. 12 hours lat... https://t.co/TvUVPhNLBy",374,None,22839,2111,0,0
Aseefa B Zardari,130159846,5/18/2017 8:42,CM #Sindh has personally been monitoring #polio situation and stressed the importance of reaching &amp; vaccinating every child to protect them,336,Sindh,1200184,716,0,0.3
AcneSkinSite,143014330,5/17/2017 1:45,"Pamper yourself. If you're feeling stressed, your skin is going to show it. Treat yourself and your skin to a home made spa day.",465,None,834238,6,0,0
Mark Medina,19319374,5/17/2017 1:10,"On using No. 2 pick to draft player or trading it, Magic Johnson and Rob Pelinka stressed importance of keeping long term future in mind",94,None,42215,1421,0.15,0.508333333
Funny Or Die,15693493,5/16/2017 22:00,"Stressed out trying to keep up with Trump, Comey, Russia leaks, etc? Try this new meditation on for size. https://t.co/WPisvtclM7",129,None,14199852,5686,0.136363636,0.454545455
Sahil Kapur,19847765,5/17/2017 14:18,"In opening remarks at presser, Paul Ryan and his leadership team stressed tax reform. Then every question he got was about Trump/FBI/Russia.",74,None,61433,522,0,0
Blindspot,2994020017,5/18/2017 0:33,Raise your hand if you're stressed out. #Blindspot,37,Blindspot,170136,285,0,0
Vogue Magazine,136361303,5/16/2017 18:04,6 ways to sleep when you're stressed: https://t.co/AaN1LW1I5S,41,None,12781221,530,0,0
Becca Tilley,31047270,5/18/2017 4:15,I am NERVOUS for the Grey's finale tomorrow!Just watched last weeks episode &amp; feeling STRESSED. What would I tweet about without this show?,49,None,220712,282,-0.025,0.083333333
Randi Mayem Singer,372563164,5/17/2017 22:47,Trump's probably so stressed out right now no amount of Russian hooker pee can calm him.,42,None,13497,452,0.195238095,0.428571429
Melissa Ponzio,716447274,5/17/2017 2:50,i didn't breath the last two minutes...#ChicagoFireFinale got me #STRESSED,46,ChicagoFireFinale,570230,7297,0,0.066666667
Kira Kosarin,598986879,5/16/2017 19:04,I'm eating chicken with tomato sauce while wearing a white shirt and I've never been so stressed,50,None,195357,1218,-0.3,0.475
BloombergQuint,7.15E+17,5/18/2017 2:20,"Stressed assets higher than the net worth of Indian banks, says McKinsey. @visshy_it reports
https://t.co/WafIQlcif0 https://t.co/5agMFgfcfA",20,None,12884,321,0.183333333,0.2
Ari Sytner M.Ed LMSW,37844996,5/16/2017 14:21,"You may not feel stressed. But if you are easily angered, frustrated or impatient - you likely are. De-stress by taking time to recenter.",36,None,190672,159181,-0.4125,0.7375
BloombergQuint,7.15E+17,5/17/2017 14:54,".@McKinsey warns of perfect storm as banks' stressed assets surpass net worth.
@visshy_it reports... https://t.co/ormvd3UcUy",16,None,12884,321,0.433333333,0.366666667
Ira Dugal,558654135,5/17/2017 17:08,"Bank stressed assets more than their net worth, says McKinsey. https://t.co/a5vuZ1oMMt https://t.co/RSrDLnO0oj",16,None,7032,625,0.266666667,0.2
Ben Spielberg,1850333580,5/17/2017 2:56,I really don't think this can be stressed enough: Trump is *a* problem. He is not *the* problem. It is essential that we remember that.,27,None,7289,1742,0.066666667,0.333333333
Grayson Dolan,2156278138,5/12/2017 2:40,I woke up stressed and down today and it turned out to be an amazing day. Stay positive and life will continue to get better.,8147,None,2690351,17041,0.292929293,0.558585859
Grayson Dolan,2156278138,5/11/2017 17:18,When you're so stressed that real life bs follows you to your dreams and stresses you out while you're asleep ,7906,None,2690351,17041,0.2,0.3
Laurence Tribe,4091551984,5/16/2017 2:26,".@RepAlGreen rightly stressed on @allinwithchris that impeachment is like indictment, not conviction, which demands... https://t.co/Am2T7P1yk7",276,None,126657,1052,0.285714286,0.535714286
Katya,175180732,5/14/2017 20:09,Too blessed to be stressed when your mom's the best. #MothersDay https://t.co/EEvZFQztRP,709,MothersDay,254683,739,1,0.3
FutureFemaleLeaders,624849630,5/14/2017 13:45,"Stressed *calls mom*
Happy *calls mom*
Anxious *calls mom*
Sad *calls mom*
Excited *calls mom*
Annoyed *calls mom*

Happy #MothersDay!",596,MothersDay,49727,453,0.170833333,0.925
Thomas Sanders,612750924,5/11/2017 18:25,"""You look tired and stressed, are you stressed?""
Well I didn't think I was until you just made me self-conscious about how I looked!!",994,None,447065,1024,-0.625,0.7
OXTAIL GAWD,20691338,5/13/2017 16:34,ya back teeth are stressed https://t.co/89PXlErU51,753,None,78507,27727,0,0
Malaa,3100257690,5/12/2017 19:20,I'm too young to be stressed out.,835,None,29703,178,0.1,0.4
Yoni Appelbaum,269911034,5/9/2017 11:32,".@PRRIpoll 10. Bottom line? White, working class Trump voters felt culturally displaced and resentful, not financia... https://t.co/BiHl2Ll51y",2299,None,19743,496,0.05,0.05
The Independent,16973333,5/10/2017 22:48,Finland is giving each citizen a universal basic income and it is making people less stressed https://t.co/KFXKuhy9wl,514,None,2213654,1125,-0.055555556,0.063888889
AcneSkinSite,143014330,5/10/2017 8:45,"Don't Worry Be Happy. The more stressed you are, the more your body reacts and you may see more blemishes.",448,None,834238,6,0.575,0.625
SZA,256883252,5/9/2017 4:54,Grateful + stressed  /occasionally apologetic https://t.co/NE9et3z0SP,493,None,319250,471,0,0
Oliver Kamm,157760297,5/13/2017 18:43,Corbyn on foreign policy: can't be stressed enough that he joined Pilger in whitewashing war crimes of Milosevic. https://t.co/zeSMNeKCRU,212,None,19519,997,-0.0625,0.3125
Vogue Magazine,136361303,5/16/2017 4:47,6 ways to sleep when you're stressed: https://t.co/Ckebep55b2,42,None,12781221,530,0,0
Shannon Clermont,267545354,5/9/2017 14:31,Too blessed to be stressed ,464,None,95823,853,0,0
Sophia Benoit,257591704,5/9/2017 1:47,"me: i'm stressed
my body: here is some acne
me:...
my body: because you're stressed
me: I know i'm stressed
my body: so did it help?",225,None,56693,813,0,0
Laurence Tribe,4091551984,5/16/2017 2:26,".@RepAlGreen rightly stressed on @allinwithchris that impeachment is like indictment, not conviction, which demands... https://t.co/Am2T7P1yk7",263,None,124308,1050,0.285714286,0.535714286
Katya,175180732,5/14/2017 20:09,Too blessed to be stressed when your mom's the best. #MothersDay https://t.co/EEvZFQztRP,703,MothersDay,253917,740,1,0.3
Reno Omokri,264248576,5/15/2017 12:52,"The economy is bad, people are stressed, suicide is on the rise. Dont pressure your debtors. Don't push them. Corpses can't repay debts.",167,None,177542,65,-0.7,0.666666667
NSPCC,38292671,5/15/2017 8:23,"If your child is feeling stressed in the lead up to exam season, #Chilldine has advice to help them cope:... https://t.co/znwBEIPnid",72,Chilldine,202654,3761,0,0
Sopan Deb,48120914,5/16/2017 2:02,I could be in a hostage situation and I wouldn't be more stressed than I am right now.,76,None,165658,4608,0.392857143,0.517857143
NPR,5392522,5/15/2017 12:43,"A nap can't substitute for a good night's sleep, but it certainly can help, say sleep specialists https://t.co/ud5GhNsvKU",95,None,6965459,72543,0.457142857,0.585714286
Vogue Magazine,136361303,5/16/2017 4:47,6 ways to sleep when you're stressed: https://t.co/Ckebep55b2,42,None,12777398,530,0,0
Jack Xatzinikolas,512554477,5/15/2017 8:15,"Also have a 7 year old on the verge of a breakdown over his SATs - screaming, sobbing, panicking, stressed, why do they do this to kids?!!",36,None,99465,8041,0.15625,0.2
Chicago Fire,570279813,5/14/2017 18:30,"We're already stressed, and it isn't even Tuesday. #ChicagoFire https://t.co/3Efio28faJ",203,ChicagoFire,379686,908,0,0
Jeremy Cliffe,465965880,5/15/2017 17:46,"5/ Also, Merkel's openness to treaty change, which she pointedly stressed they had discussed, potentially a big moment.",45,None,40725,2153,0,0.1
FutureFemaleLeaders,624849630,5/14/2017 13:45,"Stressed *calls mom*
Happy *calls mom*
Anxious *calls mom*
Sad *calls mom*
Excited *calls mom*
Annoyed *calls mom*

Happy #MothersDay!",596,MothersDay,49605,452,0.170833333,0.925
Lonely Planet,15066760,5/16/2017 5:05,#Cincinnati airport is now home to these adorable mini-horses to help stressed passengers https://t.co/YcEvLtklif https://t.co/Y2HZ2zaviW,33,Cincinnati,5559776,686695,0.5,1
Men's Health Mag,25093616,5/15/2017 16:14,Thinking happy thoughts really can stop you from being so stressed: https://t.co/GeEie893W0 https://t.co/FgZEuOTo9v,21,None,4193633,1014,0.5,0.6
BBC Learning English,2450291,5/15/2017 22:07,"When you get stressed out about small things, remember it's just a storm in a teacup! [?]

More #English idioms:... https://t.co/MufmSSGAJJ",24,English,415736,886,0.0625,0.3
Grayson Dolan,2156278138,5/12/2017 2:40,I woke up stressed and down today and it turned out to be an amazing day. Stay positive and life will continue to get better.,8100,None,2678864,17011,0.292929293,0.558585859
Grayson Dolan,2156278138,5/11/2017 17:18,When you're so stressed that real life bs follows you to your dreams and stresses you out while you're asleep ,7867,None,2678864,17011,0.2,0.3
Yoni Appelbaum,269911034,5/9/2017 11:32,".@PRRIpoll 10. Bottom line? White, working class Trump voters felt culturally displaced and resentful, not financia... https://t.co/BiHl2Ll51y",2301,None,19688,496,0.05,0.05
Thomas Sanders,612750924,5/11/2017 18:25,"""You look tired and stressed, are you stressed?""
Well I didn't think I was until you just made me self-conscious about how I looked!!",991,None,446765,1023,-0.625,0.7
OXTAIL GAWD,20691338,5/14/2017 12:28,LOL my yute is stressed https://t.co/1hDMYcjCB2,178,None,78395,27733,0.8,0.7
OXTAIL GAWD,20691338,5/13/2017 16:34,ya back teeth are stressed https://t.co/89PXlErU51,749,None,78395,27733,0,0
Malaa,3100257690,5/12/2017 19:20,I'm too young to be stressed out.,822,None,29639,178,0.1,0.4
The Independent,16973333,5/10/2017 22:48,Finland is giving each citizen a universal basic income and it is making people less stressed https://t.co/KFXKuhy9wl,513,None,2212118,1125,-0.055555556,0.063888889
AcneSkinSite,143014330,5/10/2017 8:45,"Don't Worry Be Happy. The more stressed you are, the more your body reacts and you may see more blemishes.",448,None,833944,6,0.575,0.625
Rock Sound,14451605,5/14/2017 13:45,Watch Twenty One Pilots' Tyler Joseph sing his own song at a karaoke bar. https://t.co/VCIKbby6cx https://t.co/slVeTZZ2Oh,120,None,349356,662,0.6,1
Oliver Kamm,157760297,5/13/2017 18:43,Corbyn on foreign policy: can't be stressed enough that he joined Pilger in whitewashing war crimes of Milosevic. https://t.co/zeSMNeKCRU,212,None,19490,996,-0.0625,0.3125
SZA,256883252,5/9/2017 4:54,Grateful + stressed  /occasionally apologetic https://t.co/NE9et3z0SP,495,None,314593,469,0,0
Matt Haig,35270579,5/8/2017 16:27,I am happy and anxious and confident and terrified and laid back and stressed and social and lonely and shy and open and mainly okay.,223,None,146097,8532,0.109259259,0.566666667
Shannon Clermont,267545354,5/9/2017 14:31,Too blessed to be stressed ,463,None,95769,855,0,0
Sophia Benoit,257591704,5/9/2017 1:47,"me: i'm stressed
my body: here is some acne
me:...
my body: because you're stressed
me: I know i'm stressed
my body: so did it help?",224,None,56653,813,0,0
TechSmartt,634991958,5/8/2017 3:57,if ur very stressed https://t.co/obGOxfMfc0,288,None,75382,752,0.2,0.3
The Guardian,87818409,5/8/2017 14:57,"Why are my wife and I quitting teaching? Brutal cuts, bad policies and stressed kids | Peter Foggo https://t.co/OiMpL6COP0",83,None,6482955,1112,-0.7875,0.833333333
Motherboard,56510427,5/8/2017 13:03,"Your boss is not more stressed out than you, science says https://t.co/JzV7wZDC0E https://t.co/vdSzrB6Q5j",70,None,170533,90,-0.25,0.5
Masika Kalysha,90806116,5/8/2017 0:03,When you're #blocked and still #stalking me #obsessed #pressed and #stressed #dying for #attention dying for a... https://t.co/dEyfzxMW7s,75,blocked,122938,1605,-0.5,1
Eric Boehlert,34643610,5/8/2017 15:38,"when Obama get 0 GOP votes for Obamacare, WaPo stressed that **in the headline.** Trump 0 Dem votes? meh https://t.co/s5QSkqJ6tA",86,None,96736,827,0,0
Entrepreneur,19407053,5/7/2017 23:35,Stressed Out? 3 Ways to Weed Out Stress From the Workplace https://t.co/YqgPtXDXdQ,40,None,3025918,1442,0,0
Bloomberg,34713362,5/8/2017 2:57,India's PM gives central bank chief ammunition in fight to eliminate $180 billion of stressed assets... https://t.co/T3PNipdOxJ,18,None,3933650,1001,0,0.25
Devon County Council,15929531,5/8/2017 11:18,Feeling anxious or stressed? Go outside for a brisk 10 minute walk &amp; use this easy app https://t.co/ldAf9OZs0O... https://t.co/g4OY14xjD0,16,None,37578,584,0.061111111,0.627777778
Reagan Gomez,23831682,5/8/2017 0:26,Jesus...I'm stressed. #RHOA,35,RHOA,214129,2078,0,0
RAND Corporation,22545453,5/7/2017 22:50,"Report: Remotely piloted aircraft crews feel stressed due to heavy workloads, undermanning, and other factors. https://t.co/8Ih4RFXVSU",19,None,131650,1050,-0.1375,0.3625
Wicked the Musical,76460301,5/7/2017 16:40,"""Swaying and sweeping and always keeping #cool!"" It's #finals time at Shiz--how do you #relax when you're stressed o... https://t.co/z3SsB5GlhL",28,cool,122878,58,0.4375,0.65
Rhea Wolfson,233310243,5/8/2017 10:14,Great policy. Access to care must include parking. I've seen people stressed abt parking fines coming out of cancer... https://t.co/5QSyLjntCD,23,None,8677,2624,0.8,0.75
Sajjan Jindal,2532459042,5/8/2017 10:08,"Resolution of stressed assets situation in India gets stuck because
of indecision on part of banks. Hope RBI will enable speed up
resolution",20,None,24404,68,0,0
Rick Wilson,19084896,5/23/2017 1:58,"The Trump trolls are out in force tonight. Either that Bitcoin payment went through, or they're feeling stressed.",495,None,166229,3260,0,0
Krishnan Guru-Murthy,17062358,5/22/2017 11:07,"""nothing has changed! nothing has changed!"" says increasingly stressed looking Theresa May",444,None,449262,3505,0,0
Mama Dragun,412221236,5/21/2017 20:06,"I'm too grateful to be hateful. 
I'm too blessed to be stressed.",991,None,82852,88,0,0
Twitter Moments,3260518932,5/21/2017 15:32,"In his speech to the Muslim world, President Trump stressed the need to fight terrorism and extended US support. https://t.co/xkAfXNVYZU",545,None,409636,11,0,0
BuzzFeed,5695632,5/22/2017 15:34,"This college student brought her puppy, Bailey, to school to cheer up her stressed classmates https://t.co/vHnkYcqkbJ",220,None,5176760,3118,0,0
Wesley Stromberg,196955859,5/21/2017 22:00,Too blessed to be stressed,236,None,732974,34957,0,0
TIME,14293310,5/22/2017 5:15,This map shows where people are the most stressed in America https://t.co/B7PQ5yrMr6,62,None,13987093,848,0.5,0.5
Mental Health Fdn,80294798,5/22/2017 17:54,"If you're stressed with work, have you tried mindfulness? If not, give it a go with our 3-min breathing exercise: https://t.co/2NHuFPuxwI",84,None,120488,4612,0,0
James Charles,1117786405,5/23/2017 2:37,i don't have an outfit for tomorrow yet and i'm stressed,88,None,204421,850,0,0
The Voice,216444984,5/22/2017 1:02,In case you're feeling stressed about the impending work week. #TheVoice https://t.co/dTHU9cf2Gy,61,TheVoice,4983643,9680,0,0
TIME,14293310,5/22/2017 11:20,The most stressed-out states in America https://t.co/DoyrR812vF,43,None,13987093,848,0.5,0.5
Jemaine Clement,23578176,5/23/2017 1:33,Don't be stressed out. https://t.co/LpiiPILadx,52,None,185377,1393,0,0
Lisa Schwartz,16862142,5/22/2017 0:09,I'm stressed AF about my @BacheloretteABC bracket. Also the state of or Country. #willyouacceptthisimpeachment,20,willyouacceptthisimpeachment,395235,578,0,0
Vogue Magazine,136361303,5/21/2017 22:30,6 ways to sleep when you're stressed: https://t.co/T8GWJCucNC,36,None,12789606,530,0,0
Mac,23065354,5/19/2017 22:36,I just passed my drivers test. Feeling very 16. Stressed out about the SATs.,10063,None,6458170,1215,0.2,0.3
Psychology Today,27726303,5/21/2017 13:01,Many of our canine companions suffer from separation anxiety and are more stressed out than we realize. https://t.co/lB1Gmislah,42,None,497696,975,0.5,0.5
Circa,441389311,5/21/2017 15:06,Trump's speech in Saudi Arabia stressed friendship in the face of 'violent extremism' https://t.co/ti3YRgaK8i https://t.co/flg8OnM0hn,20,None,62804,1477,-0.8,1
ARMAAN MALIK,298917410,5/21/2017 6:05,Look at me not so stressed about it  #auckland #PrinceAM #SKYWALK https://t.co/xeizBfoUjI,475,auckland,227200,1267,0,0
Vogue Magazine,136361303,5/21/2017 14:53,Stressed out? A wellness expert shares tips on how to manage anxiety through practicing self-care. https://t.co/QxghjovTvi,29,None,12789605,530,0,0
Mostly Lit Podcast,7.01E+17,5/21/2017 14:54,When I'm stressed I go book shopping. Then I become even more stressed because when am I going to read all these books?!!!,16,None,4906,1603,0.9765625,0.5
PRINCETON PEREZ,1421475978,5/21/2017 3:29,2 blessed 2 be stressed,572,None,160195,624,0,0
Katya,175180732,5/14/2017 20:09,Too blessed to be stressed when your mom's the best. #MothersDay https://t.co/EEvZFQztRP,711,MothersDay,256900,735,1,0.3
FutureFemaleLeaders,624849630,5/14/2017 13:45,"Stressed *calls mom*
Happy *calls mom*
Anxious *calls mom*
Sad *calls mom*
Excited *calls mom*
Annoyed *calls mom*

Happy #MothersDay!",596,MothersDay,49702,453,0.170833333,0.925
Laurence Tribe,4091551984,5/16/2017 2:26,".@RepAlGreen rightly stressed on @allinwithchris that impeachment is like indictment, not conviction, which demands... https://t.co/Am2T7P1yk7",276,None,130936,1071,0.285714286,0.535714286
The Notebook,233430873,5/19/2017 3:17,"Care less, and you won't be so stressed.",613,None,5767173,164,-0.166666667,0.066666667
Monica Alba,71584155,5/18/2017 11:44,"White House officials stressed yesterday that the president had a ""measured"" response to Mueller news. 12 hours lat... https://t.co/TvUVPhNLBy",373,None,22890,2110,0,0
Aseefa B Zardari,130159846,5/18/2017 8:42,CM #Sindh has personally been monitoring #polio situation and stressed the importance of reaching &amp; vaccinating every child to protect them,348,Sindh,1201153,717,0,0.3
AcneSkinSite,143014330,5/17/2017 1:45,"Pamper yourself. If you're feeling stressed, your skin is going to show it. Treat yourself and your skin to a home made spa day.",495,None,835492,6,0,0
Rain Man,243125110,5/21/2017 7:14,Imagine not being stressed out for a day ,55,None,55748,674,0,0
OXTAIL GAWD,20691338,5/14/2017 12:28,LOL my yute is stressed https://t.co/1hDMYcjCB2,178,None,78730,27718,0.8,0.7
Rock Sound,14451605,5/14/2017 13:45,Watch Twenty One Pilots' Tyler Joseph sing his own song at a karaoke bar. https://t.co/VCIKbby6cx https://t.co/slVeTZZ2Oh,123,None,349537,658,0.6,1
SPECIALK ðŸ—¯,18892596,5/23/2017 23:27,Lmao my mom stressed me tf out during finals https://t.co/KvO8DK7LM1,2264,None,309009,9717,0.6,1
Rick Wilson,19084896,5/23/2017 1:58,"The Trump trolls are out in force tonight. Either that Bitcoin payment went through, or they're feeling stressed.",650,None,166601,3265,0,0
Krishnan Guru-Murthy,17062358,5/22/2017 11:07,"""nothing has changed! nothing has changed!"" says increasingly stressed looking Theresa May",444,None,449412,3508,0,0
Shannon Coulter,7019512,5/23/2017 21:54,"You sound stressed, Sean. You stressed? https://t.co/OjVZecegVm",160,None,58337,19902,0.4,0.4
King Wolfie,136651187,5/24/2017 0:05,sorry about the vlogs being posted late lately  been a little stressed lately,257,None,569668,2236,-0.3175,0.66
BuzzFeed,5695632,5/22/2017 15:34,"This college student brought her puppy, Bailey, to school to cheer up her stressed classmates https://t.co/vHnkYcqkbJ",244,None,5182540,3118,0,0
Cleveland Clinic,24236494,5/23/2017 16:20,"Breathe deep. A full, deep breath makes your lungs &amp; chest send signals to your brain and you feel calmer.... https://t.co/eOANxDh6x8",76,None,980477,991,0.116666667,0.45
Mental Health Fdn,80294798,5/22/2017 17:54,"If you're stressed with work, have you tried mindfulness? If not, give it a go with our 3-min breathing exercise: https://t.co/2NHuFPuxwI",97,None,120570,4612,0,0
James Charles,1117786405,5/23/2017 2:37,i don't have an outfit for tomorrow yet and i'm stressed,109,None,204777,851,0,0
CM of Karnataka,2713703797,5/23/2017 10:16,Fortunate to have spent time with HH the Dalai Lama today. He stressed the importance of Karuna in our daily life. https://t.co/jt6pFiCSLi,64,None,117453,537,0.1,0.266666667
Cleveland Clinic,24236494,5/23/2017 16:00,"Acupressure is a complementary treatment to acupuncture without needles.
Try this if you're stressed:... https://t.co/4l7nfrIdbz",18,None,980477,991,0,0
Jemaine Clement,23578176,5/23/2017 1:33,Don't be stressed out. https://t.co/LpiiPILadx,57,None,185485,1393,0,0
Emily Canham,353304204,5/22/2017 15:02,I need an iced coffee!!! I get so stressed when people are running late ,37,None,265018,312,-0.3,0.6
Ø¯.Ø±ÙŠØ§Ø¶ Ø­Ø¬Ø§Ø¨,4196168301,5/23/2017 11:14,Process of political transition must be made in accordance with UN mediation in Geneva - I stressed in meeting with... https://t.co/Akldh13Vyx,17,None,69257,16,0,0.1
TIME,14293310,5/22/2017 11:20,The most stressed-out states in America https://t.co/DoyrR812vF,43,None,13996047,848,0.5,0.5
Mac,23065354,5/19/2017 22:36,I just passed my drivers test. Feeling very 16. Stressed out about the SATs.,10389,None,6469203,1215,0.2,0.3
TIME,14293310,5/22/2017 5:15,This map shows where people are the most stressed in America https://t.co/B7PQ5yrMr6,62,None,13996047,848,0.5,0.5
Mama Dragun,412221236,5/21/2017 20:06,"I'm too grateful to be hateful. 
I'm too blessed to be stressed.",1013,None,83033,88,0,0
Islamic Online Univ.,166590761,5/22/2017 7:00,Worried? Sad? Depressed? Stressed? Let's pray it all away. In sujood we'll find the greatest comfort &amp; feel our sou... https://t.co/1U7QAFd8Jd,35,None,61332,43,0.25,1
Laurence Tribe,4091551984,5/16/2017 2:26,".@RepAlGreen rightly stressed on @allinwithchris that impeachment is like indictment, not conviction, which demands... https://t.co/Am2T7P1yk7",276,None,132314,1078,0.285714286,0.535714286
The Notebook,233430873,5/19/2017 3:17,"Care less, and you won't be so stressed.",623,None,5767310,164,-0.166666667,0.066666667
PRINCETON PEREZ,1421475978,5/21/2017 3:29,2 blessed 2 be stressed,575,None,160237,628,0,0
Twitter Moments,3260518932,5/21/2017 15:32,"In his speech to the Muslim world, President Trump stressed the need to fight terrorism and extended US support. https://t.co/xkAfXNVYZU",544,None,410473,11,0,0
The Voice,216444984,5/22/2017 1:02,In case you're feeling stressed about the impending work week. #TheVoice https://t.co/dTHU9cf2Gy,62,TheVoice,4986542,9687,0,0
Wesley Stromberg,196955859,5/21/2017 22:00,Too blessed to be stressed,241,None,732917,34957,0,0
Monica Alba,71584155,5/18/2017 11:44,"White House officials stressed yesterday that the president had a ""measured"" response to Mueller news. 12 hours lat... https://t.co/TvUVPhNLBy",373,None,22915,2110,0,0
Aseefa B Zardari,130159846,5/18/2017 8:42,CM #Sindh has personally been monitoring #polio situation and stressed the importance of reaching &amp; vaccinating every child to protect them,357,Sindh,1201529,718,0,0.3
AcneSkinSite,143014330,5/17/2017 1:45,"Pamper yourself. If you're feeling stressed, your skin is going to show it. Treat yourself and your skin to a home made spa day.",496,None,835581,6,0,0
ARMAAN MALIK,298917410,5/21/2017 6:05,Look at me not so stressed about it  #auckland #PrinceAM #SKYWALK https://t.co/xeizBfoUjI,481,auckland,227511,1267,0,0
BuzzFeed News,1020058453,5/22/2017 1:56,"This college student brought her puppy, Bailey, to school to cheer up her stressed classmates [?]... https://t.co/OMVoVDv9io",39,None,890683,4910,0,0
Reno Omokri,264248576,5/15/2017 12:52,"The economy is bad, people are stressed, suicide is on the rise. Dont pressure your debtors. Don't push them. Corpses can't repay debts.",189,None,178218,50,-0.7,0.666666667
NSPCC,38292671,5/15/2017 8:23,"If your child is feeling stressed in the lead up to exam season, #Chilldine has advice to help them cope:... https://t.co/znwBEIPnid",76,Chilldine,203122,3759,0,0
Sopan Deb,48120914,5/16/2017 2:02,I could be in a hostage situation and I wouldn't be more stressed than I am right now.,76,None,166069,4643,0.392857143,0.517857143
NPR,5392522,5/15/2017 12:43,"A nap can't substitute for a good night's sleep, but it certainly can help, say sleep specialists https://t.co/ud5GhNsvKU",96,None,6977628,72533,0.457142857,0.585714286
Cleveland Clinic MD,17442457,5/15/2017 14:29,Overdiagnosis of thyroid cancer is leading to unnecessary interventions and stressed out patients... https://t.co/Y5pb4zQwEF,38,None,243680,1638,-0.4,0.9
Jack Xatzinikolas,512554477,5/15/2017 8:15,"Also have a 7 year old on the verge of a breakdown over his SATs - screaming, sobbing, panicking, stressed, why do they do this to kids?!!",37,None,99635,8083,0.15625,0.2
R. Eric Thomas,24967868,5/15/2017 20:23,TODAY IS CANCELLED. THIS ROMPHIM IS TEW MUCH You a dude who wants to wear a romper? BUY A ROMPER. GOD. SO stressed. I need an avocado toast.,56,None,12997,1218,0.2,0.15
Jeremy Cliffe,465965880,5/15/2017 17:46,"5/ Also, Merkel's openness to treaty change, which she pointedly stressed they had discussed, potentially a big moment.",45,None,40897,2164,0,0.1
Vogue Magazine,136361303,5/15/2017 10:56,6 ways to sleep when you're stressed: https://t.co/43bHUH4fRm,33,None,12792949,530,0,0
Men's Health Mag,25093616,5/15/2017 16:14,Thinking happy thoughts really can stop you from being so stressed: https://t.co/GeEie893W0 https://t.co/FgZEuOTo9v,25,None,4218731,1015,0.5,0.6
BBC Learning English,2450291,5/15/2017 22:07,"When you get stressed out about small things, remember it's just a storm in a teacup! [?]

More #English idioms:... https://t.co/MufmSSGAJJ",30,English,416979,1394,0.0625,0.3
CBS News Health,10791192,5/15/2017 17:09,"""I was stressed 100 percent of the time."" What to do about the rise in physician burnout:  https://t.co/TzsyuKqpP8 https://t.co/ycdATwPnQo",41,None,601629,131,0,0
SPECIALK ðŸ—¯,18892596,5/23/2017 23:27,Lmao my mom stressed me tf out during finals https://t.co/KvO8DK7LM1,3306,None,309021,9717,0.6,1
Rick Wilson,19084896,5/23/2017 1:58,"The Trump trolls are out in force tonight. Either that Bitcoin payment went through, or they're feeling stressed.",651,None,166749,3268,0,0
Nooruddean,176754253,5/24/2017 14:40,"This can't be stressed enough. It's not just his father dying, it's watching his health deteriorate over time. That... https://t.co/srO6l9kZDq",154,None,80002,1669,0,0.5
Shannon Coulter,7019512,5/23/2017 21:54,"You sound stressed, Sean. You stressed? https://t.co/OjVZecegVm",178,None,58391,19908,0.4,0.4
King Wolfie,136651187,5/24/2017 0:05,sorry about the vlogs being posted late lately  been a little stressed lately,344,None,570103,2236,-0.3175,0.66
Cleveland Clinic,24236494,5/23/2017 16:20,"Breathe deep. A full, deep breath makes your lungs &amp; chest send signals to your brain and you feel calmer.... https://t.co/eOANxDh6x8",83,None,982066,994,0.116666667,0.45
CM of Karnataka,2713703797,5/23/2017 10:16,Fortunate to have spent time with HH the Dalai Lama today. He stressed the importance of Karuna in our daily life. https://t.co/jt6pFiCSLi,72,None,117584,537,0.1,0.266666667
James Charles,1117786405,5/23/2017 2:37,i don't have an outfit for tomorrow yet and i'm stressed,110,None,204962,854,0,0
Cleveland Clinic,24236494,5/23/2017 16:00,"Acupressure is a complementary treatment to acupuncture without needles.
Try this if you're stressed:... https://t.co/4l7nfrIdbz",21,None,982066,994,0,0
Lindsay MacDonald,2805954792,5/24/2017 17:58,"I don't think I've ever been more stressed out than when watching tonight's #The100. This finale is everything, guys.",40,The100,1866,615,0.5,0.5
Ø¯.Ø±ÙŠØ§Ø¶ Ø­Ø¬Ø§Ø¨,4196168301,5/23/2017 11:14,Process of political transition must be made in accordance with UN mediation in Geneva - I stressed in meeting with... https://t.co/Akldh13Vyx,17,None,69280,16,0,0.1
InStyle,14934818,5/24/2017 5:32,5 physical signs you're way too stressed and need to take a breather https://t.co/D9yVxdufcL,22,None,4542732,2759,0,0.142857143
Mac,23065354,5/19/2017 22:36,I just passed my drivers test. Feeling very 16. Stressed out about the SATs.,10499,None,6475337,1215,0.2,0.3
Entrepreneur,19407053,5/24/2017 19:45,#TipoftheDay: Feeling stressed out and overwhelmed? @letgotogrow has a suggestion that can move you forward. https://t.co/OkJpHh2VDV,34,TipoftheDay,3044061,1442,0,0
UN News Centre,104277809,5/24/2017 17:52,.@WHO Director-General-elect Mr. Tedros stressed the need to provide health care for all and to implement internati... https://t.co/lrtzG6NLIB,22,None,268636,688,0,0
Laurence Tribe,4091551984,5/16/2017 2:26,".@RepAlGreen rightly stressed on @allinwithchris that impeachment is like indictment, not conviction, which demands... https://t.co/Am2T7P1yk7",276,None,132751,1085,0.285714286,0.535714286
The Notebook,233430873,5/19/2017 3:17,"Care less, and you won't be so stressed.",625,None,5767369,176,-0.166666667,0.066666667
Monica Alba,71584155,5/18/2017 11:44,"White House officials stressed yesterday that the president had a ""measured"" response to Mueller news. 12 hours lat... https://t.co/TvUVPhNLBy",373,None,22921,2110,0,0
Aseefa B Zardari,130159846,5/18/2017 8:42,CM #Sindh has personally been monitoring #polio situation and stressed the importance of reaching &amp; vaccinating every child to protect them,360,Sindh,1201979,718,0,0.3
AcneSkinSite,143014330,5/17/2017 1:45,"Pamper yourself. If you're feeling stressed, your skin is going to show it. Treat yourself and your skin to a home made spa day.",495,None,835627,6,0,0
Rachel Ballinger,468957900,5/18/2017 21:13,"Feeling stressed? SQUISH IT OUT! Watch my DIY stress ball video... Guys, they were awesome to make https://t.co/OpYmqa1Ka9",121,None,424648,4802,1,1
Mark Medina,19319374,5/17/2017 1:10,"On using No. 2 pick to draft player or trading it, Magic Johnson and Rob Pelinka stressed importance of keeping long term future in mind",94,None,42286,1425,0.15,0.508333333
KOENA MITRA,154916905,5/19/2017 15:08,"#AmiKkr 
Ami confused.
Ami Stressed. 
Ami Speechless. 
Ami worried. 
Do something #Kkr 
@iamsrk Tomar luck Ektu diye Dao Kkr ke",129,AmiKkr,547749,9,-0.4,0.7
Funny Or Die,15693493,5/16/2017 22:00,"Stressed out trying to keep up with Trump, Comey, Russia leaks, etc? Try this new meditation on for size. https://t.co/WPisvtclM7",141,None,14203725,5683,0.136363636,0.454545455
Mikki Kendall,100136358,5/18/2017 11:31,I was getting stressed out by the order of succession then names of people implicated started to leak &amp; well...will there be a GOP left?,67,None,74624,1033,-0.2,0.25
BRANDON WARDELL,58323389,5/18/2017 21:20,"r u guys going 2 that dorm party later? dam. my social studies class has me stressed out, brother. i cant wait 2 underage drink tonight hehe",137,None,169766,1040,0.016666667,0.033333333
Becca Tilley,31047270,5/18/2017 4:15,I am NERVOUS for the Grey's finale tomorrow!Just watched last weeks episode &amp; feeling STRESSED. What would I tweet about without this show?,118,None,221363,282,-0.025,0.083333333
Sopan Deb,48120914,5/16/2017 2:02,I could be in a hostage situation and I wouldn't be more stressed than I am right now.,76,None,166149,4649,0.392857143,0.517857143
Brad Williams,18723984,5/19/2017 3:40,News got you stressed out? Here's a dwarf jumping into a ball pit https://t.co/3B1JxFXdbz,107,None,65608,284,0,0
Tay Jardine,17693277,5/19/2017 13:54,Why is it that seeing all these anti stress fidget toys make me stressed out?????,111,None,164637,332,0,0
